Region,Total_Care_Homes,Total_Agency_Cost,Total_Platform_Cost,Total_Saving,Saving_Pct
"South East",2579,26161376,6674452,19486924,74.5
"South West",1740,17650560,4503120,13147440,74.5
"North West",1713,17376672,4433244,12943428,74.5
"West Midlands",1514,15358016,3918232,11439784,74.5
"East of England",1467,14881248,3796596,11084652,74.5
"Yorkshire and the Humber",1340,13592960,3467920,10125040,74.5
"East Midlands",1331,13501664,3444628,10057036,74.5
London,1184,12010496,3064192,8946304,74.5
"North East",689,6989216,1783132,5206084,74.5
